16FuV4LzmSELar7F7ugjP19sb7FGQdy8agXo426yKwsAGVXv,10000000000000
16FuV4LzmSELar7F7ugjP19sb7FGQdy8agXo426yKwsAGVXv,10000000000000
16FuV4LzmSELar7F7ugjP19sb7FGQdy8agXo426yKwsAGVXv,10000000000000
16FuV4LzmSELar7F7ugjP19sb7FGQdy8agXo426yKwsAGVXv,10000000000000
16FuV4LzmSELar7F7ugjP19sb7FGQdy8agXo426yKwsAGVXv,10000000000000
16FuV4LzmSELar7F7ugjP19sb7FGQdy8agXo426yKwsAGVXv,10000000000000
16FuV4LzmSELar7F7ugjP19sb7FGQdy8agXo426yKwsAGVXv,10000000000000
16FuV4LzmSELar7F7ugjP19sb7FGQdy8agXo426yKwsAGVXv,10000000000000
16FuV4LzmSELar7F7ugjP19sb7FGQdy8agXo426yKwsAGVXv,10000000000000
16FuV4LzmSELar7F7ugjP19sb7FGQdy8agXo426yKwsAGVXv,10000000000000
16FuV4LzmSELar7F7ugjP19sb7FGQdy8agXo426yKwsAGVXv,10000000000000
16FuV4LzmSELar7F7ugjP19sb7FGQdy8agXo426yKwsAGVXv,10000000000000
16FuV4LzmSELar7F7ugjP19sb7FGQdy8agXo426yKwsAGVXv,10000000000000
16FuV4LzmSELar7F7ugjP19sb7FGQdy8agXo426yKwsAGVXv,10000000000000
16FuV4LzmSELar7F7ugjP19sb7FGQdy8agXo426yKwsAGVXv,10000000000000
16FuV4LzmSELar7F7ugjP19sb7FGQdy8agXo426yKwsAGVXv,10000000000000
16FuV4LzmSELar7F7ugjP19sb7FGQdy8agXo426yKwsAGVXv,10000000000000
16FuV4LzmSELar7F7ugjP19sb7FGQdy8agXo426yKwsAGVXv,10000000000000
16FuV4LzmSELar7F7ugjP19sb7FGQdy8agXo426yKwsAGVXv,10000000000000
16FuV4LzmSELar7F7ugjP19sb7FGQdy8agXo426yKwsAGVXv,10000000000000
16FuV4LzmSELar7F7ugjP19sb7FGQdy8agXo426yKwsAGVXv,10000000000000
16FuV4LzmSELar7F7ugjP19sb7FGQdy8agXo426yKwsAGVXv,10000000000000
16FuV4LzmSELar7F7ugjP19sb7FGQdy8agXo426yKwsAGVXv,10000000000000
16FuV4LzmSELar7F7ugjP19sb7FGQdy8agXo426yKwsAGVXv,10000000000000
16FuV4LzmSELar7F7ugjP19sb7FGQdy8agXo426yKwsAGVXv,10000000000000
16FuV4LzmSELar7F7ugjP19sb7FGQdy8agXo426yKwsAGVXv,10000000000000
16FuV4LzmSELar7F7ugjP19sb7FGQdy8agXo426yKwsAGVXv,10000000000000
16FuV4LzmSELar7F7ugjP19sb7FGQdy8agXo426yKwsAGVXv,10000000000000
16FuV4LzmSELar7F7ugjP19sb7FGQdy8agXo426yKwsAGVXv,10000000000000
16FuV4LzmSELar7F7ugjP19sb7FGQdy8agXo426yKwsAGVXv,10000000000000
16FuV4LzmSELar7F7ugjP19sb7FGQdy8agXo426yKwsAGVXv,10000000000000
16FuV4LzmSELar7F7ugjP19sb7FGQdy8agXo426yKwsAGVXv,10000000000000
16FuV4LzmSELar7F7ugjP19sb7FGQdy8agXo426yKwsAGVXv,10000000000000
16FuV4LzmSELar7F7ugjP19sb7FGQdy8agXo426yKwsAGVXv,10000000000000
16FuV4LzmSELar7F7ugjP19sb7FGQdy8agXo426yKwsAGVXv,10000000000000
16FuV4LzmSELar7F7ugjP19sb7FGQdy8agXo426yKwsAGVXv,10000000000000
16FuV4LzmSELar7F7ugjP19sb7FGQdy8agXo426yKwsAGVXv,10000000000000
16FuV4LzmSELar7F7ugjP19sb7FGQdy8agXo426yKwsAGVXv,10000000000000
16FuV4LzmSELar7F7ugjP19sb7FGQdy8agXo426yKwsAGVXv,10000000000000
16FuV4LzmSELar7F7ugjP19sb7FGQdy8agXo426yKwsAGVXv,10000000000000
16FuV4LzmSELar7F7ugjP19sb7FGQdy8agXo426yKwsAGVXv,10000000000000
16FuV4LzmSELar7F7ugjP19sb7FGQdy8agXo426yKwsAGVXv,10000000000000
16FuV4LzmSELar7F7ugjP19sb7FGQdy8agXo426yKwsAGVXv,10000000000000
16FuV4LzmSELar7F7ugjP19sb7FGQdy8agXo426yKwsAGVXv,10000000000000
16FuV4LzmSELar7F7ugjP19sb7FGQdy8agXo426yKwsAGVXv,10000000000000
16FuV4LzmSELar7F7ugjP19sb7FGQdy8agXo426yKwsAGVXv,10000000000000
16FuV4LzmSELar7F7ugjP19sb7FGQdy8agXo426yKwsAGVXv,10000000000000
16FuV4LzmSELar7F7ugjP19sb7FGQdy8agXo426yKwsAGVXv,10000000000000
16FuV4LzmSELar7F7ugjP19sb7FGQdy8agXo426yKwsAGVXv,10000000000000
16FuV4LzmSELar7F7ugjP19sb7FGQdy8agXo426yKwsAGVXv,10000000000000
16FuV4LzmSELar7F7ugjP19sb7FGQdy8agXo426yKwsAGVXv,10000000000000
16FuV4LzmSELar7F7ugjP19sb7FGQdy8agXo426yKwsAGVXv,10000000000000
16FuV4LzmSELar7F7ugjP19sb7FGQdy8agXo426yKwsAGVXv,10000000000000
16FuV4LzmSELar7F7ugjP19sb7FGQdy8agXo426yKwsAGVXv,10000000000000
16FuV4LzmSELar7F7ugjP19sb7FGQdy8agXo426yKwsAGVXv,10000000000000
16FuV4LzmSELar7F7ugjP19sb7FGQdy8agXo426yKwsAGVXv,10000000000000
16FuV4LzmSELar7F7ugjP19sb7FGQdy8agXo426yKwsAGVXv,10000000000000
16FuV4LzmSELar7F7ugjP19sb7FGQdy8agXo426yKwsAGVXv,10000000000000
16FuV4LzmSELar7F7ugjP19sb7FGQdy8agXo426yKwsAGVXv,10000000000000
16FuV4LzmSELar7F7ugjP19sb7FGQdy8agXo426yKwsAGVXv,10000000000000
16FuV4LzmSELar7F7ugjP19sb7FGQdy8agXo426yKwsAGVXv,10000000000000
16FuV4LzmSELar7F7ugjP19sb7FGQdy8agXo426yKwsAGVXv,10000000000000
16FuV4LzmSELar7F7ugjP19sb7FGQdy8agXo426yKwsAGVXv,10000000000000
16FuV4LzmSELar7F7ugjP19sb7FGQdy8agXo426yKwsAGVXv,10000000000000
16FuV4LzmSELar7F7ugjP19sb7FGQdy8agXo426yKwsAGVXv,10000000000000
16FuV4LzmSELar7F7ugjP19sb7FGQdy8agXo426yKwsAGVXv,10000000000000
16FuV4LzmSELar7F7ugjP19sb7FGQdy8agXo426yKwsAGVXv,10000000000000
16FuV4LzmSELar7F7ugjP19sb7FGQdy8agXo426yKwsAGVXv,10000000000000
16FuV4LzmSELar7F7ugjP19sb7FGQdy8agXo426yKwsAGVXv,10000000000000
16FuV4LzmSELar7F7ugjP19sb7FGQdy8agXo426yKwsAGVXv,10000000000000
16FuV4LzmSELar7F7ugjP19sb7FGQdy8agXo426yKwsAGVXv,10000000000000
16FuV4LzmSELar7F7ugjP19sb7FGQdy8agXo426yKwsAGVXv,10000000000000
16FuV4LzmSELar7F7ugjP19sb7FGQdy8agXo426yKwsAGVXv,10000000000000
16FuV4LzmSELar7F7ugjP19sb7FGQdy8agXo426yKwsAGVXv,10000000000000
16FuV4LzmSELar7F7ugjP19sb7FGQdy8agXo426yKwsAGVXv,10000000000000
16FuV4LzmSELar7F7ugjP19sb7FGQdy8agXo426yKwsAGVXv,10000000000000
16FuV4LzmSELar7F7ugjP19sb7FGQdy8agXo426yKwsAGVXv,10000000000000
16FuV4LzmSELar7F7ugjP19sb7FGQdy8agXo426yKwsAGVXv,10000000000000
16FuV4LzmSELar7F7ugjP19sb7FGQdy8agXo426yKwsAGVXv,10000000000000
16FuV4LzmSELar7F7ugjP19sb7FGQdy8agXo426yKwsAGVXv,10000000000000
16FuV4LzmSELar7F7ugjP19sb7FGQdy8agXo426yKwsAGVXv,10000000000000
16FuV4LzmSELar7F7ugjP19sb7FGQdy8agXo426yKwsAGVXv,10000000000000
16FuV4LzmSELar7F7ugjP19sb7FGQdy8agXo426yKwsAGVXv,10000000000000
16FuV4LzmSELar7F7ugjP19sb7FGQdy8agXo426yKwsAGVXv,10000000000000
16FuV4LzmSELar7F7ugjP19sb7FGQdy8agXo426yKwsAGVXv,10000000000000
16FuV4LzmSELar7F7ugjP19sb7FGQdy8agXo426yKwsAGVXv,10000000000000
16FuV4LzmSELar7F7ugjP19sb7FGQdy8agXo426yKwsAGVXv,10000000000000
16FuV4LzmSELar7F7ugjP19sb7FGQdy8agXo426yKwsAGVXv,10000000000000
16FuV4LzmSELar7F7ugjP19sb7FGQdy8agXo426yKwsAGVXv,10000000000000
16FuV4LzmSELar7F7ugjP19sb7FGQdy8agXo426yKwsAGVXv,10000000000000
16FuV4LzmSELar7F7ugjP19sb7FGQdy8agXo426yKwsAGVXv,10000000000000
16FuV4LzmSELar7F7ugjP19sb7FGQdy8agXo426yKwsAGVXv,10000000000000
16FuV4LzmSELar7F7ugjP19sb7FGQdy8agXo426yKwsAGVXv,10000000000000
16FuV4LzmSELar7F7ugjP19sb7FGQdy8agXo426yKwsAGVXv,10000000000000
16FuV4LzmSELar7F7ugjP19sb7FGQdy8agXo426yKwsAGVXv,10000000000000
16FuV4LzmSELar7F7ugjP19sb7FGQdy8agXo426yKwsAGVXv,10000000000000
16FuV4LzmSELar7F7ugjP19sb7FGQdy8agXo426yKwsAGVXv,10000000000000
16FuV4LzmSELar7F7ugjP19sb7FGQdy8agXo426yKwsAGVXv,10000000000000
16FuV4LzmSELar7F7ugjP19sb7FGQdy8agXo426yKwsAGVXv,10000000000000
16FuV4LzmSELar7F7ugjP19sb7FGQdy8agXo426yKwsAGVXv,10000000000000
16FuV4LzmSELar7F7ugjP19sb7FGQdy8agXo426yKwsAGVXv,10000000000000
16FuV4LzmSELar7F7ugjP19sb7FGQdy8agXo426yKwsAGVXv,10000000000000
16FuV4LzmSELar7F7ugjP19sb7FGQdy8agXo426yKwsAGVXv,10000000000000
16FuV4LzmSELar7F7ugjP19sb7FGQdy8agXo426yKwsAGVXv,10000000000000
16FuV4LzmSELar7F7ugjP19sb7FGQdy8agXo426yKwsAGVXv,10000000000000
16FuV4LzmSELar7F7ugjP19sb7FGQdy8agXo426yKwsAGVXv,10000000000000
16FuV4LzmSELar7F7ugjP19sb7FGQdy8agXo426yKwsAGVXv,10000000000000
16FuV4LzmSELar7F7ugjP19sb7FGQdy8agXo426yKwsAGVXv,10000000000000
16FuV4LzmSELar7F7ugjP19sb7FGQdy8agXo426yKwsAGVXv,10000000000000
16FuV4LzmSELar7F7ugjP19sb7FGQdy8agXo426yKwsAGVXv,10000000000000
16FuV4LzmSELar7F7ugjP19sb7FGQdy8agXo426yKwsAGVXv,10000000000000
16FuV4LzmSELar7F7ugjP19sb7FGQdy8agXo426yKwsAGVXv,10000000000000
16FuV4LzmSELar7F7ugjP19sb7FGQdy8agXo426yKwsAGVXv,10000000000000
16FuV4LzmSELar7F7ugjP19sb7FGQdy8agXo426yKwsAGVXv,10000000000000
16FuV4LzmSELar7F7ugjP19sb7FGQdy8agXo426yKwsAGVXv,10000000000000
16FuV4LzmSELar7F7ugjP19sb7FGQdy8agXo426yKwsAGVXv,10000000000000
16FuV4LzmSELar7F7ugjP19sb7FGQdy8agXo426yKwsAGVXv,10000000000000
16FuV4LzmSELar7F7ugjP19sb7FGQdy8agXo426yKwsAGVXv,10000000000000
16FuV4LzmSELar7F7ugjP19sb7FGQdy8agXo426yKwsAGVXv,10000000000000
16FuV4LzmSELar7F7ugjP19sb7FGQdy8agXo426yKwsAGVXv,10000000000000
